x,y,w,h,labels,scores,names,calories,protein,fat,carbs,fiber
510.3875,243.63098,149.61249000000004,205.36902,50,0.4723043441772461,Lemon,29.0,1.1,0.3,9.32,2.8
0.0,0.0,431.4772,449.0,71,0.13269713521003726,Submarine sandwich,158.0576724562294,7.6432515276693165,7.791692524558342,15.059807435960414,2.199721508880555
27.737064,0.0,613.4068599999999,449.0,73,0.181988462805748,Taco,476.0,6.41,21.79,63.49,6.7
