,Lemon,Submarine sandwich,Taco
calories,29.0,158.0576724562294,476.0
protein,1.1,7.643251527669316,6.41
fat,0.3,7.791692524558343,21.79
carbs,9.32,15.059807435960414,63.49
fiber,2.8,2.199721508880555,6.7
