,Hot dog,Submarine sandwich
calories,305.0,158.0576724562294
protein,11.53,7.643251527669316
fat,27.64,7.791692524558343
carbs,1.72,15.059807435960414
fiber,0.0,2.199721508880555
