names,calories,protein,fat,carbs,fiber
Hot dog,305.0,11.53,27.64,1.72,0.0
Submarine sandwich,158.0576724562294,7.6432515276693165,7.791692524558342,15.059807435960414,2.199721508880555
